rank,file,t_sec,score,U,A,D,n_boxes,n_ambiguous,empty,selected
1,frame_0291.jpg,116.4,0.7638,0.763,0.7143,0.84,7,5,False,True
2,frame_0069.jpg,27.6,0.7143,0.6858,0.5714,1.0,6,4,False,True
3,frame_0073.jpg,29.2,0.7006,0.6584,0.5714,1.0,6,4,False,False
4,frame_0008.jpg,3.2,0.6887,0.8059,0.2857,1.0,3,2,False,True
5,frame_0021.jpg,8.4,0.6757,0.6942,0.4286,1.0,5,3,False,True
6,frame_0176.jpg,70.4,0.6742,0.7382,0.8571,0.24,7,6,False,True
7,frame_0367.jpg,146.8,0.6723,0.7983,0.8571,0.08,9,6,False,True
8,frame_0019.jpg,7.6,0.672,0.7725,0.2857,1.0,2,2,False,False
9,frame_0020.jpg,8.0,0.6706,0.5983,0.5714,1.0,4,4,False,False
10,frame_0000.jpg,0.0,0.6688,0.6805,0.4286,1.0,5,3,False,True
11,frame_0079.jpg,31.6,0.662,0.6612,0.5714,0.8,6,4,False,True
12,frame_0378.jpg,151.2,0.6577,0.6833,1.0,0.08,10,7,False,True
13,frame_0387.jpg,154.8,0.6547,0.8009,0.7143,0.2,8,5,False,True
14,frame_0009.jpg,3.6,0.6537,0.9073,0.0,1.0,2,0,False,False
15,frame_0386.jpg,154.4,0.6349,0.831,0.5714,0.24,7,4,False,False
16,frame_0029.jpg,11.6,0.6345,0.5261,0.5714,1.0,5,4,False,True
17,frame_0114.jpg,45.6,0.6333,0.7261,0.7143,0.28,7,5,False,True
18,frame_0003.jpg,1.2,0.6305,0.6038,0.4286,1.0,5,3,False,False
19,frame_0276.jpg,110.4,0.6232,0.8075,0.5714,0.24,8,4,False,False
20,frame_0072.jpg,28.8,0.6197,0.5822,0.4286,1.0,6,3,False,False
21,frame_0007.jpg,2.8,0.6186,0.4944,0.5714,1.0,5,4,False,False
22,frame_0211.jpg,84.4,0.6166,0.8058,0.2857,0.64,2,2,False,False
23,frame_0027.jpg,10.8,0.6152,0.6589,0.2857,1.0,3,2,False,False
24,frame_0078.jpg,31.2,0.6067,0.5346,0.5714,0.84,5,4,False,False
25,frame_0290.jpg,116.0,0.6045,0.5461,0.5714,0.8,7,4,False,False
26,frame_0306.jpg,122.4,0.6036,0.7684,0.5714,0.24,7,4,False,False
27,frame_0071.jpg,28.4,0.6015,0.6316,0.2857,1.0,4,2,False,False
28,frame_0033.jpg,13.2,0.6008,0.6301,0.2857,1.0,7,2,False,False
29,frame_0375.jpg,150.0,0.5982,0.6878,0.7143,0.2,10,5,False,False
30,frame_0379.jpg,151.6,0.5974,0.7503,0.7143,0.04,9,5,False,False
31,frame_0113.jpg,45.2,0.5961,0.6676,0.7143,0.24,6,5,False,False
32,frame_0319.jpg,127.6,0.5935,0.5607,0.8571,0.28,7,6,False,False
33,frame_0074.jpg,29.6,0.588,0.6046,0.2857,1.0,7,2,False,False
34,frame_0318.jpg,127.2,0.587,0.7352,0.5714,0.24,8,4,False,False
35,frame_0368.jpg,147.2,0.5842,0.8096,0.5714,0.04,8,4,False,False
36,frame_0030.jpg,12.0,0.5841,0.5111,0.4286,1.0,7,3,False,False
37,frame_0132.jpg,52.8,0.5824,0.5933,0.2857,1.0,6,2,False,False
38,frame_0209.jpg,83.6,0.5824,0.7054,0.2857,0.72,3,2,False,False
39,frame_0170.jpg,68.0,0.5815,0.6282,0.5714,0.48,9,4,False,False
40,frame_0220.jpg,88.0,0.5788,0.8741,0.2857,0.28,2,2,False,False
41,frame_0011.jpg,4.4,0.5785,0.5855,0.2857,1.0,3,2,False,False
42,frame_0023.jpg,9.2,0.5779,0.67,0.1429,1.0,1,1,False,False
43,frame_0128.jpg,51.2,0.5774,0.5617,0.4286,0.84,5,3,False,False
44,frame_0070.jpg,28.0,0.5758,0.6659,0.1429,1.0,5,1,False,False
45,frame_0075.jpg,30.0,0.5756,0.5101,0.4286,0.96,6,3,False,False
46,frame_0014.jpg,5.6,0.5754,0.4936,0.4286,1.0,4,3,False,False
47,frame_0124.jpg,49.6,0.5742,0.6193,0.4286,0.68,7,3,False,False
48,frame_0015.jpg,6.0,0.5732,0.6606,0.1429,1.0,4,1,False,False
49,frame_0002.jpg,0.8,0.5729,0.5744,0.2857,1.0,7,2,False,False
50,frame_0202.jpg,80.8,0.5725,0.6478,0.4286,0.6,3,3,False,False
51,frame_0077.jpg,30.8,0.5712,0.619,0.2857,0.88,7,2,False,False
52,frame_0133.jpg,53.2,0.5688,0.4805,0.4286,1.0,5,3,False,False
53,frame_0006.jpg,2.4,0.5683,0.6509,0.1429,1.0,3,1,False,False
54,frame_0013.jpg,5.2,0.5655,0.4739,0.4286,1.0,4,3,False,False
55,frame_0001.jpg,0.4,0.5648,0.5581,0.2857,1.0,7,2,False,False
56,frame_0301.jpg,120.4,0.5648,0.6107,0.5714,0.44,6,4,False,False
57,frame_0105.jpg,42.0,0.564,0.6675,0.7143,0.08,7,5,False,False
58,frame_0292.jpg,116.8,0.5633,0.6352,0.2857,0.8,7,2,False,False
59,frame_0025.jpg,10.0,0.5608,0.6359,0.1429,1.0,2,1,False,False
60,frame_0277.jpg,110.8,0.5601,0.6653,0.5714,0.28,7,4,False,False
61,frame_0284.jpg,113.6,0.5601,0.6391,0.4286,0.56,5,3,False,False
62,frame_0016.jpg,6.4,0.5593,0.4614,0.4286,1.0,7,3,False,False
63,frame_0293.jpg,117.2,0.5564,0.6374,0.2857,0.76,4,2,False,False
64,frame_0278.jpg,111.2,0.555,0.6391,0.5714,0.32,7,4,False,False
65,frame_0385.jpg,154.0,0.5518,0.7664,0.4286,0.2,7,3,False,False
66,frame_0173.jpg,69.2,0.5512,0.7013,0.4286,0.36,7,3,False,False
67,frame_0084.jpg,33.6,0.5497,0.7736,0.1429,0.6,2,1,False,False
68,frame_0384.jpg,153.6,0.5465,0.7719,0.4286,0.16,9,3,False,False
69,frame_0031.jpg,12.4,0.5447,0.518,0.2857,1.0,6,2,False,False
70,frame_0005.jpg,2.0,0.5446,0.5178,0.2857,1.0,5,2,False,False
71,frame_0115.jpg,46.0,0.5385,0.6062,0.5714,0.32,7,4,False,False
72,frame_0373.jpg,149.2,0.538,0.6692,0.5714,0.16,9,4,False,False
73,frame_0395.jpg,158.0,0.5366,0.6823,0.5714,0.12,5,4,False,False
74,frame_0328.jpg,131.2,0.5351,0.6096,0.7143,0.08,11,5,False,False
75,frame_0217.jpg,86.8,0.5348,0.8238,0.1429,0.4,1,1,False,False
76,frame_0123.jpg,49.2,0.5304,0.6333,0.2857,0.64,4,2,False,False
77,frame_0095.jpg,38.0,0.525,0.7288,0.4286,0.16,6,3,False,False
78,frame_0389.jpg,155.6,0.523,0.7409,0.4286,0.12,6,3,False,False
79,frame_0012.jpg,4.8,0.5226,0.388,0.4286,1.0,4,3,False,False
80,frame_0028.jpg,11.2,0.5217,0.472,0.2857,1.0,4,2,False,False
81,frame_0067.jpg,26.8,0.5211,0.4708,0.2857,1.0,6,2,False,False
82,frame_0076.jpg,30.4,0.5199,0.5861,0.1429,0.92,7,1,False,False
83,frame_0231.jpg,92.4,0.5196,0.8038,0.2857,0.16,7,2,False,False
84,frame_0297.jpg,118.8,0.5148,0.5324,0.4286,0.6,5,3,False,False
85,frame_0129.jpg,51.6,0.5137,0.504,0.2857,0.88,5,2,False,False
86,frame_0294.jpg,117.6,0.5137,0.4823,0.4286,0.72,5,3,False,False
87,frame_0068.jpg,27.2,0.5108,0.5358,0.1429,1.0,5,1,False,False
88,frame_0287.jpg,114.8,0.5106,0.4921,0.4286,0.68,6,3,False,False
89,frame_0131.jpg,52.4,0.5099,0.5501,0.1429,0.96,4,1,False,False
90,frame_0303.jpg,121.2,0.508,0.6149,0.4286,0.36,4,3,False,False
91,frame_0322.jpg,128.8,0.508,0.6092,0.5714,0.16,5,4,False,False
92,frame_0194.jpg,77.6,0.5064,0.7293,0.2857,0.28,3,2,False,False
93,frame_0169.jpg,67.6,0.5053,0.5455,0.4286,0.52,7,3,False,False
94,frame_0087.jpg,34.8,0.5051,0.6468,0.2857,0.48,3,2,False,False
95,frame_0229.jpg,91.6,0.5044,0.5482,0.7143,0.08,7,5,False,False
96,frame_0286.jpg,114.4,0.5033,0.4934,0.4286,0.64,6,3,False,False
97,frame_0004.jpg,1.6,0.5023,0.5189,0.1429,1.0,6,1,False,False
98,frame_0296.jpg,118.4,0.5019,0.5764,0.2857,0.64,6,2,False,False
99,frame_0130.jpg,52.0,0.5006,0.5474,0.1429,0.92,4,1,False,False
100,frame_0274.jpg,109.6,0.498,0.6749,0.4286,0.16,6,3,False,False
101,frame_0098.jpg,39.2,0.4973,0.6358,0.5714,0.04,5,4,False,False
102,frame_0327.jpg,130.8,0.4929,0.7127,0.4286,0.04,9,3,False,False
103,frame_0397.jpg,158.8,0.4921,0.7328,0.2857,0.2,6,2,False,False
104,frame_0125.jpg,50.0,0.4914,0.4377,0.4286,0.72,5,3,False,False
105,frame_0118.jpg,47.2,0.4903,0.5475,0.4286,0.44,3,3,False,False
106,frame_0186.jpg,74.4,0.4895,0.7059,0.4286,0.04,10,3,False,False
107,frame_0184.jpg,73.6,0.4862,0.6832,0.4286,0.08,6,3,False,False
108,frame_0126.jpg,50.4,0.486,0.4109,0.4286,0.76,5,3,False,False
109,frame_0177.jpg,70.8,0.4854,0.6336,0.4286,0.2,6,3,False,False
110,frame_0018.jpg,7.2,0.4846,0.4834,0.1429,1.0,4,1,False,False
111,frame_0208.jpg,83.2,0.4821,0.5745,0.1429,0.76,3,1,False,False
112,frame_0299.jpg,119.6,0.48,0.4948,0.4286,0.52,7,3,False,False
113,frame_0382.jpg,152.8,0.4787,0.6683,0.4286,0.08,6,3,False,False
114,frame_0329.jpg,131.6,0.4769,0.6647,0.4286,0.08,9,3,False,False
115,frame_0288.jpg,115.2,0.4752,0.491,0.2857,0.72,5,2,False,False
116,frame_0215.jpg,86.0,0.4688,0.6598,0.1429,0.48,2,1,False,False
117,frame_0275.jpg,110.0,0.4666,0.6817,0.2857,0.2,7,2,False,False
118,frame_0230.jpg,92.0,0.4665,0.6278,0.4286,0.12,9,3,False,False
119,frame_0083.jpg,33.2,0.4659,0.5043,0.2857,0.64,4,2,False,False
120,frame_0026.jpg,10.4,0.4656,0.3597,0.2857,1.0,3,2,False,False
121,frame_0127.jpg,50.8,0.4635,0.4356,0.2857,0.8,7,2,False,False
122,frame_0305.jpg,122.0,0.4627,0.5563,0.4286,0.28,6,3,False,False
123,frame_0081.jpg,32.4,0.4589,0.3726,0.4286,0.72,4,3,False,False
124,frame_0210.jpg,84.0,0.4575,0.4715,0.2857,0.68,4,2,False,False
125,frame_0216.jpg,86.4,0.4575,0.739,0.0,0.44,2,0,False,False
126,frame_0283.jpg,113.2,0.4571,0.449,0.4286,0.52,6,3,False,False
127,frame_0116.jpg,46.4,0.4552,0.5092,0.4286,0.36,7,3,False,False
128,frame_0201.jpg,80.4,0.455,0.5145,0.2857,0.56,4,2,False,False
129,frame_0383.jpg,153.2,0.4544,0.4322,0.7143,0.12,7,5,False,False
130,frame_0279.jpg,111.6,0.4542,0.593,0.2857,0.36,6,2,False,False
131,frame_0298.jpg,119.2,0.4538,0.4265,0.4286,0.56,7,3,False,False
132,frame_0304.jpg,121.6,0.4538,0.6082,0.2857,0.32,7,2,False,False
133,frame_0080.jpg,32.0,0.451,0.4265,0.2857,0.76,4,2,False,False
134,frame_0311.jpg,124.4,0.4504,0.6276,0.4286,0.04,4,3,False,False
135,frame_0374.jpg,149.6,0.4493,0.6472,0.2857,0.2,9,2,False,False
136,frame_0320.jpg,128.0,0.4476,0.5421,0.4286,0.24,7,3,False,False
137,frame_0330.jpg,132.0,0.4458,0.7898,0.1429,0.04,9,1,False,False
138,frame_0377.jpg,150.8,0.4456,0.7574,0.1429,0.12,10,1,False,False
139,frame_0396.jpg,158.4,0.4438,0.6522,0.2857,0.16,6,2,False,False
140,frame_0089.jpg,35.6,0.4418,0.5522,0.2857,0.4,6,2,False,False
141,frame_0017.jpg,6.8,0.4415,0.3972,0.1429,1.0,5,1,False,False
142,frame_0121.jpg,48.4,0.4413,0.4872,0.2857,0.56,4,2,False,False
143,frame_0167.jpg,66.8,0.4411,0.5565,0.1429,0.6,6,1,False,False
144,frame_0317.jpg,126.8,0.4384,0.6254,0.2857,0.2,7,2,False,False
145,frame_0285.jpg,114.0,0.4375,0.6351,0.0,0.6,4,0,False,False
146,frame_0302.jpg,120.8,0.4369,0.6281,0.1429,0.4,6,1,False,False
147,frame_0120.jpg,48.0,0.4356,0.4918,0.2857,0.52,4,2,False,False
148,frame_0388.jpg,155.2,0.4348,0.5484,0.4286,0.16,8,3,False,False
149,frame_0171.jpg,68.4,0.4333,0.4334,0.4286,0.44,5,3,False,False
150,frame_0112.jpg,44.8,0.4328,0.6142,0.2857,0.2,4,2,False,False
151,frame_0179.jpg,71.6,0.4327,0.646,0.2857,0.12,4,2,False,False
152,frame_0295.jpg,118.0,0.428,0.4982,0.1429,0.68,5,1,False,False
153,frame_0094.jpg,37.6,0.4278,0.5185,0.4286,0.2,4,3,False,False
154,frame_0185.jpg,74.0,0.425,0.6466,0.2857,0.08,6,2,False,False
155,frame_0032.jpg,12.8,0.4237,0.3616,0.1429,1.0,5,1,False,False
156,frame_0315.jpg,126.0,0.4196,0.534,0.4286,0.12,5,3,False,False
157,frame_0097.jpg,38.8,0.4192,0.5493,0.4286,0.08,6,3,False,False
158,frame_0307.jpg,122.8,0.4164,0.4956,0.4286,0.2,10,3,False,False
159,frame_0308.jpg,123.2,0.4161,0.511,0.4286,0.16,5,3,False,False
160,frame_0273.jpg,109.2,0.4146,0.6098,0.2857,0.12,4,2,False,False
161,frame_0399.jpg,159.6,0.4122,0.4552,0.4286,0.28,5,3,False,False
162,frame_0268.jpg,107.2,0.4074,0.6113,0.2857,0.08,5,2,False,False
163,frame_0390.jpg,156.0,0.4062,0.5232,0.4286,0.08,7,3,False,False
164,frame_0190.jpg,76.0,0.4052,0.5052,0.4286,0.12,4,3,False,False
165,frame_0010.jpg,4.0,0.4051,0.4102,0.0,1.0,1,0,False,False
166,frame_0110.jpg,44.0,0.4041,0.4173,0.5714,0.12,4,4,False,False
167,frame_0108.jpg,43.2,0.4038,0.5344,0.4286,0.04,5,3,False,False
168,frame_0111.jpg,44.4,0.4026,0.5697,0.2857,0.16,4,2,False,False
169,frame_0267.jpg,106.8,0.4023,0.4995,0.4286,0.12,5,3,False,False
170,frame_0321.jpg,128.4,0.4011,0.465,0.4286,0.2,8,3,False,False
171,frame_0191.jpg,76.4,0.3993,0.6489,0.1429,0.16,4,1,False,False
172,frame_0376.jpg,150.4,0.3976,0.6454,0.1429,0.16,7,1,False,False
173,frame_0316.jpg,126.4,0.3967,0.4722,0.4286,0.16,6,3,False,False
174,frame_0117.jpg,46.8,0.3961,0.4607,0.2857,0.4,5,2,False,False
175,frame_0281.jpg,112.4,0.3952,0.4429,0.2857,0.44,5,2,False,False
176,frame_0309.jpg,123.6,0.3941,0.4831,0.4286,0.12,5,3,False,False
177,frame_0280.jpg,112.0,0.3932,0.455,0.2857,0.4,5,2,False,False
178,frame_0398.jpg,159.2,0.3912,0.515,0.2857,0.24,6,2,False,False
179,frame_0300.jpg,120.0,0.3906,0.4178,0.2857,0.48,5,2,False,False
180,frame_0024.jpg,9.6,0.3903,0.3807,0.0,1.0,2,0,False,False
181,frame_0219.jpg,87.6,0.3872,0.4749,0.2857,0.32,3,2,False,False
182,frame_0188.jpg,75.2,0.3868,0.5862,0.2857,0.04,8,2,False,False
183,frame_0370.jpg,148.0,0.386,0.4132,0.5714,0.04,8,4,False,False
184,frame_0232.jpg,92.8,0.3819,0.5981,0.1429,0.2,7,1,False,False
185,frame_0180.jpg,72.0,0.3808,0.4724,0.4286,0.08,6,3,False,False
186,frame_0381.jpg,152.4,0.3798,0.5722,0.2857,0.04,7,2,False,False
187,frame_0225.jpg,90.0,0.3788,0.5541,0.2857,0.08,7,2,False,False
188,frame_0289.jpg,115.6,0.376,0.448,0.0,0.76,6,0,False,False
189,frame_0214.jpg,85.6,0.3751,0.4565,0.1429,0.52,2,1,False,False
190,frame_0333.jpg,133.2,0.3732,0.6287,0.1429,0.08,9,1,False,False
191,frame_0200.jpg,80.0,0.3705,0.3615,0.2857,0.52,2,2,False,False
192,frame_0168.jpg,67.2,0.3618,0.4138,0.1429,0.56,5,1,False,False
193,frame_0204.jpg,81.6,0.3618,0.3658,0.1429,0.68,2,1,False,False
194,frame_0122.jpg,48.8,0.3577,0.4753,0.0,0.6,4,0,False,False
195,frame_0394.jpg,157.6,0.3552,0.5926,0.1429,0.08,5,1,False,False
196,frame_0082.jpg,32.8,0.3551,0.3525,0.1429,0.68,3,1,False,False
197,frame_0088.jpg,35.2,0.3532,0.359,0.2857,0.44,5,2,False,False
198,frame_0181.jpg,72.4,0.3531,0.4331,0.4286,0.04,5,3,False,False
199,frame_0233.jpg,93.2,0.3522,0.437,0.2857,0.24,5,2,False,False
200,frame_0198.jpg,79.2,0.3516,0.5272,0.0,0.44,2,0,False,False
201,frame_0100.jpg,40.0,0.3508,0.5141,0.2857,0.04,4,2,False,False
202,frame_0205.jpg,82.0,0.3505,0.3273,0.1429,0.72,2,1,False,False
203,frame_0178.jpg,71.2,0.3473,0.4591,0.2857,0.16,6,2,False,False
204,frame_0269.jpg,107.6,0.3468,0.5062,0.2857,0.04,5,2,False,False
205,frame_0109.jpg,43.6,0.3462,0.489,0.2857,0.08,6,2,False,False
206,frame_0192.jpg,76.8,0.3446,0.4377,0.2857,0.2,5,2,False,False
207,frame_0193.jpg,77.2,0.3423,0.4172,0.2857,0.24,5,2,False,False
208,frame_0103.jpg,41.2,0.3413,0.4471,0.2857,0.16,5,2,False,False
209,frame_0172.jpg,68.8,0.3388,0.4318,0.1429,0.4,5,1,False,False
210,frame_0332.jpg,132.8,0.3385,0.4895,0.2857,0.04,8,2,False,False
211,frame_0223.jpg,89.2,0.3286,0.4218,0.2857,0.16,4,2,False,False
212,frame_0207.jpg,82.8,0.3281,0.2505,0.1429,0.8,2,1,False,False
213,frame_0218.jpg,87.2,0.3254,0.3353,0.2857,0.36,3,2,False,False
214,frame_0203.jpg,81.2,0.3226,0.3891,0.0,0.64,3,0,False,False
215,frame_0221.jpg,88.4,0.3212,0.4606,0.1429,0.24,5,1,False,False
216,frame_0213.jpg,85.2,0.319,0.3283,0.1429,0.56,4,1,False,False
217,frame_0104.jpg,41.6,0.3178,0.5018,0.1429,0.12,3,1,False,False
218,frame_0106.jpg,42.4,0.3153,0.4432,0.2857,0.04,7,2,False,False
219,frame_0222.jpg,88.8,0.3152,0.2933,0.4286,0.2,6,3,False,False
220,frame_0272.jpg,108.8,0.3119,0.4204,0.2857,0.08,4,2,False,False
221,frame_0371.jpg,148.4,0.31,0.4165,0.2857,0.08,8,2,False,False
222,frame_0175.jpg,70.0,0.3087,0.5054,0.0,0.28,5,0,False,False
223,frame_0372.jpg,148.8,0.3081,0.3968,0.2857,0.12,8,2,False,False
224,frame_0096.jpg,38.4,0.3053,0.4769,0.1429,0.12,7,1,False,False
225,frame_0183.jpg,73.2,0.3023,0.5029,0.1429,0.04,4,1,False,False
226,frame_0085.jpg,34.0,0.3006,0.2914,0.1429,0.56,6,1,False,False
227,frame_0226.jpg,90.4,0.2982,0.4089,0.2857,0.04,5,2,False,False
228,frame_0022.jpg,8.8,0.2946,0.1892,0.0,1.0,3,0,False,False
229,frame_0093.jpg,37.2,0.2938,0.4058,0.1429,0.24,4,1,False,False
230,frame_0271.jpg,108.4,0.2901,0.3927,0.2857,0.04,5,2,False,False
231,frame_0196.jpg,78.4,0.2858,0.3419,0.1429,0.36,2,1,False,False
232,frame_0391.jpg,156.4,0.2827,0.4636,0.1429,0.04,5,1,False,False
233,frame_0102.jpg,40.8,0.282,0.4303,0.1429,0.12,3,1,False,False
234,frame_0325.jpg,130.0,0.2792,0.3709,0.2857,0.04,4,2,False,False
235,frame_0091.jpg,36.4,0.2767,0.3396,0.1429,0.32,3,1,False,False
236,frame_0212.jpg,84.8,0.2712,0.2166,0.1429,0.6,3,1,False,False
237,frame_0324.jpg,129.6,0.2653,0.3272,0.2857,0.08,5,2,False,False
238,frame_0189.jpg,75.6,0.264,0.4103,0.1429,0.08,4,1,False,False
239,frame_0195.jpg,78.0,0.2635,0.3133,0.1429,0.32,5,1,False,False
240,frame_0086.jpg,34.4,0.2598,0.3115,0.0,0.52,4,0,False,False
241,frame_0090.jpg,36.0,0.2575,0.3709,0.0,0.36,6,0,False,False
242,frame_0224.jpg,89.6,0.2501,0.4523,0.0,0.12,4,0,False,False
243,frame_0314.jpg,125.6,0.2475,0.4631,0.0,0.08,5,0,False,False
244,frame_0092.jpg,36.8,0.2464,0.2951,0.1429,0.28,3,1,False,False
245,frame_0323.jpg,129.2,0.2457,0.3577,0.1429,0.12,6,1,False,False
246,frame_0310.jpg,124.0,0.244,0.2845,0.2857,0.08,5,2,False,False
247,frame_0313.jpg,125.2,0.2432,0.3847,0.1429,0.04,2,1,False,False
248,frame_0206.jpg,82.4,0.2387,0.1733,0.0,0.76,3,0,False,False
249,frame_0228.jpg,91.2,0.2359,0.37,0.1429,0.04,5,1,False,False
250,frame_0174.jpg,69.6,0.2038,0.2795,0.0,0.32,7,0,False,False
251,frame_0393.jpg,157.2,0.2036,0.3054,0.1429,0.04,4,1,False,False
252,frame_0119.jpg,47.6,0.2011,0.2102,0.0,0.48,4,0,False,False
253,frame_0101.jpg,40.4,0.1969,0.276,0.1429,0.08,5,1,False,False
254,frame_0282.jpg,112.8,0.1956,0.1992,0.0,0.48,4,0,False,False
255,frame_0199.jpg,79.6,0.195,0.198,0.0,0.48,1,0,False,False
256,frame_0197.jpg,78.8,0.1375,0.115,0.0,0.4,1,0,False,False
